{
  "project_info": {
    "project_number": "41424709262",
    "firebase_url": "https://mychat-ef83b.firebaseio.com",
    "project_id": "mychat-ef83b",
    "storage_bucket": "mychat-ef83b.appspot.com"
  },
  "client": [
    {
      "client_info": {
        "mobilesdk_app_id": "1:41424709262:android:cbb99b769cef1b1c",
        "android_client_info": {
          "package_name": "com.example.beast.chatbot"
        }
      },
      "oauth_client": [
        {
          "client_id": "41424709262-e28lubf7r7pkjtg2a2f64c9klv256p8s.apps.googleusercontent.com",
          "client_type": 1,
          "android_info": {
            "package_name": "com.example.beast.chatbot",
            "certificate_hash": "3dc8ac154648a0b332dbf0a5576b1cd7ebf80ace"
          }
        },
        {
          "client_id": "41424709262-bu2kci6nnvpg17j1v8cppk2oj69mss5f.apps.googleusercontent.com",
          "client_type": 3
        }
      ],
      "api_key": [
        {
          "current_key": "AIzaSyCg-R6IhCpgHHvBpCk07_FdlhsF4sN6s-U"
        }
      ],
      "services": {
        "appinvite_service": {
          "other_platform_oauth_client": [
            {
              "client_id": "41424709262-bu2kci6nnvpg17j1v8cppk2oj69mss5f.apps.googleusercontent.com",
              "client_type": 3
            }
          ]
        }
      }
    }
  ],
  "configuration_version": "1"
}